rank,uid,title,year,venue,url,problem_claimed,actual_mechanism,hidden_assumptions,variables_treated_as_fixed,failure_modes_ignored,what_it_makes_less_novel,what_it_leaves_open
1,doi:10.3390/machines10060465,Constrained Image-Based Visual Servoing of Robot Manipulator with Third-Order Sliding-Mode Observer,2022,Machines,https://doi.org/10.3390/machines10060465,Addresses visual servoing and foundation policies or a neighboring robotics mechanism.,"Prior work usually predicts, ranks, filters, or imitates observed behavior rather than preserving unrealized branches.",The observed outcome is enough to supervise the model.,"Contact mode support, embodiment limits, and deployment perturbations.","Branch collapse, hidden-mode shift, and tail-risk planning failures.",Generic world models and generic uncertainty are crowded.,Visual servoing foundation model hybrid keeps action-critical alternatives explicit until a physical observation collapses them.
2,doi:10.3390/robotics14050066,Hybrid Deep Learning Framework for Eye-in-Hand Visual Control Systems,2025,Robotics,https://doi.org/10.3390/robotics14050066,Addresses visual servoing and foundation policies or a neighboring robotics mechanism.,"Prior work usually predicts, ranks, filters, or imitates observed behavior rather than preserving unrealized branches.",The observed outcome is enough to supervise the model.,"Contact mode support, embodiment limits, and deployment perturbations.","Branch collapse, hidden-mode shift, and tail-risk planning failures.",Generic world models and generic uncertainty are crowded.,Visual servoing foundation model hybrid keeps action-critical alternatives explicit until a physical observation collapses them.
3,doi:10.1109/tmech.2009.2034740,A Hybrid Visual Servo Controller for Robust Grasping by Wheeled Mobile Robots,2009,IEEE/ASME Transactions on Mechatronics,https://doi.org/10.1109/tmech.2009.2034740,Addresses visual servoing and foundation policies or a neighboring robotics mechanism.,"Prior work usually predicts, ranks, filters, or imitates observed behavior rather than preserving unrealized branches.",The observed outcome is enough to supervise the model.,"Contact mode support, embodiment limits, and deployment perturbations.","Branch collapse, hidden-mode shift, and tail-risk planning failures.",Generic world models and generic uncertainty are crowded.,Visual servoing foundation model hybrid keeps action-critical alternatives explicit until a physical observation collapses them.
4,doi:10.62802/7sgy8455,Hybrid Quantum–Classical Algorithms for High-Precision Sensor Fusion in Robotics Applications,2025,Human Computer Interaction,https://doi.org/10.62802/7sgy8455,Addresses visual servoing and foundation policies or a neighboring robotics mechanism.,"Prior work usually predicts, ranks, filters, or imitates observed behavior rather than preserving unrealized branches.",The observed outcome is enough to supervise the model.,"Contact mode support, embodiment limits, and deployment perturbations.","Branch collapse, hidden-mode shift, and tail-risk planning failures.",Generic world models and generic uncertainty are crowded.,Visual servoing foundation model hybrid keeps action-critical alternatives explicit until a physical observation collapses them.
5,doi:10.3390/electronics8060605,Picking Robot Visual Servo Control Based on Modified Fuzzy Neural Network Sliding Mode Algorithms,2019,Electronics,https://doi.org/10.3390/electronics8060605,Addresses visual servoing and foundation policies or a neighboring robotics mechanism.,"Prior work usually predicts, ranks, filters, or imitates observed behavior rather than preserving unrealized branches.",The observed outcome is enough to supervise the model.,"Contact mode support, embodiment limits, and deployment perturbations.","Branch collapse, hidden-mode shift, and tail-risk planning failures.",Generic world models and generic uncertainty are crowded.,Visual servoing foundation model hybrid keeps action-critical alternatives explicit until a physical observation collapses them.
6,doi:10.1002/asjc.3208,Adaptive visual servoing for the robot manipulator with extreme learning machine and reinforcement learning,2024,Asian Journal of Control,https://doi.org/10.1002/asjc.3208,Addresses visual servoing and foundation policies or a neighboring robotics mechanism.,"Prior work usually predicts, ranks, filters, or imitates observed behavior rather than preserving unrealized branches.",The observed outcome is enough to supervise the model.,"Contact mode support, embodiment limits, and deployment perturbations.","Branch collapse, hidden-mode shift, and tail-risk planning failures.",Generic world models and generic uncertainty are crowded.,Visual servoing foundation model hybrid keeps action-critical alternatives explicit until a physical observation collapses them.
7,doi:10.1016/s0921-8890(99)00057-3,Hybrid visual servoing: A combination of nonlinear control and linear vision,1999,Robotics and Autonomous Systems,https://doi.org/10.1016/s0921-8890(99)00057-3,Addresses visual servoing and foundation policies or a neighboring robotics mechanism.,"Prior work usually predicts, ranks, filters, or imitates observed behavior rather than preserving unrealized branches.",The observed outcome is enough to supervise the model.,"Contact mode support, embodiment limits, and deployment perturbations.","Branch collapse, hidden-mode shift, and tail-risk planning failures.",Generic world models and generic uncertainty are crowded.,Visual servoing foundation model hybrid keeps action-critical alternatives explicit until a physical observation collapses them.
8,doi:10.54254/2753-8818/41/2024ch0168,Improvement of visual servo system of industrial robot based on sliding mode control and deep reinforcement learning,2024,Theoretical and Natural Science,https://doi.org/10.54254/2753-8818/41/2024ch0168,Addresses visual servoing and foundation policies or a neighboring robotics mechanism.,"Prior work usually predicts, ranks, filters, or imitates observed behavior rather than preserving unrealized branches.",The observed outcome is enough to supervise the model.,"Contact mode support, embodiment limits, and deployment perturbations.","Branch collapse, hidden-mode shift, and tail-risk planning failures.",Generic world models and generic uncertainty are crowded.,Visual servoing foundation model hybrid keeps action-critical alternatives explicit until a physical observation collapses them.
9,doi:10.18196/jrc.v4i6.19102,Visual Servo Kinematic Control of Delta Robot using YOLOv5 Algorithm,2023,Journal of Robotics and Control (JRC),https://doi.org/10.18196/jrc.v4i6.19102,Addresses visual servoing and foundation policies or a neighboring robotics mechanism.,"Prior work usually predicts, ranks, filters, or imitates observed behavior rather than preserving unrealized branches.",The observed outcome is enough to supervise the model.,"Contact mode support, embodiment limits, and deployment perturbations.","Branch collapse, hidden-mode shift, and tail-risk planning failures.",Generic world models and generic uncertainty are crowded.,Visual servoing foundation model hybrid keeps action-critical alternatives explicit until a physical observation collapses them.
10,arxiv:2409.15250v3,ReVLA: Reverting Visual Domain Limitation of Robotic Foundation Models,2024,arXiv,http://arxiv.org/abs/2409.15250v3,Addresses visual servoing and foundation policies or a neighboring robotics mechanism.,"Prior work usually predicts, ranks, filters, or imitates observed behavior rather than preserving unrealized branches.",The observed outcome is enough to supervise the model.,"Contact mode support, embodiment limits, and deployment perturbations.","Branch collapse, hidden-mode shift, and tail-risk planning failures.",Generic world models and generic uncertainty are crowded.,Visual servoing foundation model hybrid keeps action-critical alternatives explicit until a physical observation collapses them.
11,doi:10.6052/0459-1879-16-161,SURVEY ON UNCALIBRATED ROBOT VISUAL SERVOING CONTROL,2016,Chinese Journal of Theoretical and Applied Mechanics,https://doi.org/10.6052/0459-1879-16-161,Addresses visual servoing and foundation policies or a neighboring robotics mechanism.,"Prior work usually predicts, ranks, filters, or imitates observed behavior rather than preserving unrealized branches.",The observed outcome is enough to supervise the model.,"Contact mode support, embodiment limits, and deployment perturbations.","Branch collapse, hidden-mode shift, and tail-risk planning failures.",Generic world models and generic uncertainty are crowded.,Visual servoing foundation model hybrid keeps action-critical alternatives explicit until a physical observation collapses them.
12,doi:10.1109/robot.2008.4543705,Analysis of classical and new visual servoing control laws,2008,2008 IEEE International Conference on Robotics and Automation,https://doi.org/10.1109/robot.2008.4543705,Addresses visual servoing and foundation policies or a neighboring robotics mechanism.,"Prior work usually predicts, ranks, filters, or imitates observed behavior rather than preserving unrealized branches.",The observed outcome is enough to supervise the model.,"Contact mode support, embodiment limits, and deployment perturbations.","Branch collapse, hidden-mode shift, and tail-risk planning failures.",Generic world models and generic uncertainty are crowded.,Visual servoing foundation model hybrid keeps action-critical alternatives explicit until a physical observation collapses them.
13,doi:10.1109/tro.2007.895067,Stable Visual Servoing Through Hybrid Switched-System Control,2007,IEEE Transactions on Robotics,https://doi.org/10.1109/tro.2007.895067,Addresses visual servoing and foundation policies or a neighboring robotics mechanism.,"Prior work usually predicts, ranks, filters, or imitates observed behavior rather than preserving unrealized branches.",The observed outcome is enough to supervise the model.,"Contact mode support, embodiment limits, and deployment perturbations.","Branch collapse, hidden-mode shift, and tail-risk planning failures.",Generic world models and generic uncertainty are crowded.,Visual servoing foundation model hybrid keeps action-critical alternatives explicit until a physical observation collapses them.
14,doi:10.1109/access.2020.3042207,Image-Based Visual Servoing Control of Robot Manipulators Using Hybrid Algorithm With Feature Constraints,2020,IEEE Access,https://doi.org/10.1109/access.2020.3042207,Addresses visual servoing and foundation policies or a neighboring robotics mechanism.,"Prior work usually predicts, ranks, filters, or imitates observed behavior rather than preserving unrealized branches.",The observed outcome is enough to supervise the model.,"Contact mode support, embodiment limits, and deployment perturbations.","Branch collapse, hidden-mode shift, and tail-risk planning failures.",Generic world models and generic uncertainty are crowded.,Visual servoing foundation model hybrid keeps action-critical alternatives explicit until a physical observation collapses them.
15,arxiv:2402.09679v2,Design and Visual Servoing Control of a Hybrid Dual-Segment Flexible Neurosurgical Robot for Intraventricular Biopsy,2024,arXiv,http://arxiv.org/abs/2402.09679v2,Addresses visual servoing and foundation policies or a neighboring robotics mechanism.,"Prior work usually predicts, ranks, filters, or imitates observed behavior rather than preserving unrealized branches.",The observed outcome is enough to supervise the model.,"Contact mode support, embodiment limits, and deployment perturbations.","Branch collapse, hidden-mode shift, and tail-risk planning failures.",Generic world models and generic uncertainty are crowded.,Visual servoing foundation model hybrid keeps action-critical alternatives explicit until a physical observation collapses them.
16,doi:10.1109/access.2018.2829839,Hybrid Visual Servo Trajectory Tracking of Wheeled Mobile Robots,2018,IEEE Access,https://doi.org/10.1109/access.2018.2829839,Addresses visual servoing and foundation policies or a neighboring robotics mechanism.,"Prior work usually predicts, ranks, filters, or imitates observed behavior rather than preserving unrealized branches.",The observed outcome is enough to supervise the model.,"Contact mode support, embodiment limits, and deployment perturbations.","Branch collapse, hidden-mode shift, and tail-risk planning failures.",Generic world models and generic uncertainty are crowded.,Visual servoing foundation model hybrid keeps action-critical alternatives explicit until a physical observation collapses them.
17,doi:10.3934/mbe.2023463,Model predictive control for constrained robot manipulator visual servoing tuned by reinforcement learning,2023,Mathematical Biosciences and Engineering,https://doi.org/10.3934/mbe.2023463,Addresses visual servoing and foundation policies or a neighboring robotics mechanism.,"Prior work usually predicts, ranks, filters, or imitates observed behavior rather than preserving unrealized branches.",The observed outcome is enough to supervise the model.,"Contact mode support, embodiment limits, and deployment perturbations.","Branch collapse, hidden-mode shift, and tail-risk planning failures.",Generic world models and generic uncertainty are crowded.,Visual servoing foundation model hybrid keeps action-critical alternatives explicit until a physical observation collapses them.
18,doi:10.1002/aisy.202600009,Identifying Dynamical Quantum Phase Transitions With a Migratable Quantum‐Classical Hybrid Neural Network,2026,Advanced Intelligent Systems,https://doi.org/10.1002/aisy.202600009,Addresses visual servoing and foundation policies or a neighboring robotics mechanism.,"Prior work usually predicts, ranks, filters, or imitates observed behavior rather than preserving unrealized branches.",The observed outcome is enough to supervise the model.,"Contact mode support, embodiment limits, and deployment perturbations.","Branch collapse, hidden-mode shift, and tail-risk planning failures.",Generic world models and generic uncertainty are crowded.,Visual servoing foundation model hybrid keeps action-critical alternatives explicit until a physical observation collapses them.
19,doi:10.1109/iros60139.2025.11246968,A Spatial Position-based Visual Servoing Obstacle-avoidable Shape Control Framework for An 11-DOF Hybrid Continuum Robot,2025,2025 IEEE/RSJ International Conference on Intelligent Robots and Systems (IROS),https://doi.org/10.1109/iros60139.2025.11246968,Addresses visual servoing and foundation policies or a neighboring robotics mechanism.,"Prior work usually predicts, ranks, filters, or imitates observed behavior rather than preserving unrealized branches.",The observed outcome is enough to supervise the model.,"Contact mode support, embodiment limits, and deployment perturbations.","Branch collapse, hidden-mode shift, and tail-risk planning failures.",Generic world models and generic uncertainty are crowded.,Visual servoing foundation model hybrid keeps action-critical alternatives explicit until a physical observation collapses them.
20,doi:10.1115/dscc2018-9042,Virtual Motion Camouflage Based Visual Servo Control of a Leaf Picking Mechanism,2018,"Volume 3: Modeling and Validation; Multi-Agent and Networked Systems; Path Planning and Motion Control; Tracking Control Systems; Unmanned Aerial Vehicles (UAVs) and Application; Unmanned Ground and Aerial Vehicles; Vibration in Mechanical Systems; Vibrations and Control of Systems; Vibrations: Modeling, Analysis, and Control",https://doi.org/10.1115/dscc2018-9042,Addresses visual servoing and foundation policies or a neighboring robotics mechanism.,"Prior work usually predicts, ranks, filters, or imitates observed behavior rather than preserving unrealized branches.",The observed outcome is enough to supervise the model.,"Contact mode support, embodiment limits, and deployment perturbations.","Branch collapse, hidden-mode shift, and tail-risk planning failures.",Generic world models and generic uncertainty are crowded.,Visual servoing foundation model hybrid keeps action-critical alternatives explicit until a physical observation collapses them.
21,doi:10.1109/jsyst.2014.2358876,A Hybrid Switched Reactive-Based Visual Servo Control of 5-DOF Robot Manipulators for Pick-and-Place Tasks,2015,IEEE Systems Journal,https://doi.org/10.1109/jsyst.2014.2358876,Addresses visual servoing and foundation policies or a neighboring robotics mechanism.,"Prior work usually predicts, ranks, filters, or imitates observed behavior rather than preserving unrealized branches.",The observed outcome is enough to supervise the model.,"Contact mode support, embodiment limits, and deployment perturbations.","Branch collapse, hidden-mode shift, and tail-risk planning failures.",Generic world models and generic uncertainty are crowded.,Visual servoing foundation model hybrid keeps action-critical alternatives explicit until a physical observation collapses them.
22,doi:10.1016/j.isatra.2023.10.029,Position-based visual servoing of a 6-RSS parallel robot using adaptive sliding mode control,2024,ISA Transactions,https://doi.org/10.1016/j.isatra.2023.10.029,Addresses visual servoing and foundation policies or a neighboring robotics mechanism.,"Prior work usually predicts, ranks, filters, or imitates observed behavior rather than preserving unrealized branches.",The observed outcome is enough to supervise the model.,"Contact mode support, embodiment limits, and deployment perturbations.","Branch collapse, hidden-mode shift, and tail-risk planning failures.",Generic world models and generic uncertainty are crowded.,Visual servoing foundation model hybrid keeps action-critical alternatives explicit until a physical observation collapses them.
23,doi:10.1177/02783640122068155,Visual Servoing Based on Image Motion,2001,The International Journal of Robotics Research,https://doi.org/10.1177/02783640122068155,Addresses visual servoing and foundation policies or a neighboring robotics mechanism.,"Prior work usually predicts, ranks, filters, or imitates observed behavior rather than preserving unrealized branches.",The observed outcome is enough to supervise the model.,"Contact mode support, embodiment limits, and deployment perturbations.","Branch collapse, hidden-mode shift, and tail-risk planning failures.",Generic world models and generic uncertainty are crowded.,Visual servoing foundation model hybrid keeps action-critical alternatives explicit until a physical observation collapses them.
24,doi:10.1016/j.robot.2014.06.003,A modified image-based visual servo controller with hybrid camera configuration for robust robotic grasping,2014,Robotics and Autonomous Systems,https://doi.org/10.1016/j.robot.2014.06.003,Addresses visual servoing and foundation policies or a neighboring robotics mechanism.,"Prior work usually predicts, ranks, filters, or imitates observed behavior rather than preserving unrealized branches.",The observed outcome is enough to supervise the model.,"Contact mode support, embodiment limits, and deployment perturbations.","Branch collapse, hidden-mode shift, and tail-risk planning failures.",Generic world models and generic uncertainty are crowded.,Visual servoing foundation model hybrid keeps action-critical alternatives explicit until a physical observation collapses them.
25,doi:10.1016/j.robot.2015.08.008,Wireless hybrid visual servoing of omnidirectional wheeled mobile robots,2016,Robotics and Autonomous Systems,https://doi.org/10.1016/j.robot.2015.08.008,Addresses visual servoing and foundation policies or a neighboring robotics mechanism.,"Prior work usually predicts, ranks, filters, or imitates observed behavior rather than preserving unrealized branches.",The observed outcome is enough to supervise the model.,"Contact mode support, embodiment limits, and deployment perturbations.","Branch collapse, hidden-mode shift, and tail-risk planning failures.",Generic world models and generic uncertainty are crowded.,Visual servoing foundation model hybrid keeps action-critical alternatives explicit until a physical observation collapses them.
26,doi:10.1007/s10846-011-9582-4,Image Based and Hybrid Visual Servo Control of an Unmanned Aerial Vehicle,2012,Journal of Intelligent & Robotic Systems,https://doi.org/10.1007/s10846-011-9582-4,Addresses visual servoing and foundation policies or a neighboring robotics mechanism.,"Prior work usually predicts, ranks, filters, or imitates observed behavior rather than preserving unrealized branches.",The observed outcome is enough to supervise the model.,"Contact mode support, embodiment limits, and deployment perturbations.","Branch collapse, hidden-mode shift, and tail-risk planning failures.",Generic world models and generic uncertainty are crowded.,Visual servoing foundation model hybrid keeps action-critical alternatives explicit until a physical observation collapses them.
27,doi:10.1177/02783640122068164,Application of Motion-Based Visual Servoing to Target Tracking,2001,The International Journal of Robotics Research,https://doi.org/10.1177/02783640122068164,Addresses visual servoing and foundation policies or a neighboring robotics mechanism.,"Prior work usually predicts, ranks, filters, or imitates observed behavior rather than preserving unrealized branches.",The observed outcome is enough to supervise the model.,"Contact mode support, embodiment limits, and deployment perturbations.","Branch collapse, hidden-mode shift, and tail-risk planning failures.",Generic world models and generic uncertainty are crowded.,Visual servoing foundation model hybrid keeps action-critical alternatives explicit until a physical observation collapses them.
28,doi:10.1109/med.2015.7158815,Hybrid visual servoing for aerial grasping with hierarchical task-priority control,2015,2015 23rd Mediterranean Conference on Control and Automation (MED),https://doi.org/10.1109/med.2015.7158815,Addresses visual servoing and foundation policies or a neighboring robotics mechanism.,"Prior work usually predicts, ranks, filters, or imitates observed behavior rather than preserving unrealized branches.",The observed outcome is enough to supervise the model.,"Contact mode support, embodiment limits, and deployment perturbations.","Branch collapse, hidden-mode shift, and tail-risk planning failures.",Generic world models and generic uncertainty are crowded.,Visual servoing foundation model hybrid keeps action-critical alternatives explicit until a physical observation collapses them.
29,doi:10.3390/act13110457,Robust Adaptive Robotic Visual Servo Grasping with Guaranteed Field of View Constraints,2024,Actuators,https://doi.org/10.3390/act13110457,Addresses visual servoing and foundation policies or a neighboring robotics mechanism.,"Prior work usually predicts, ranks, filters, or imitates observed behavior rather than preserving unrealized branches.",The observed outcome is enough to supervise the model.,"Contact mode support, embodiment limits, and deployment perturbations.","Branch collapse, hidden-mode shift, and tail-risk planning failures.",Generic world models and generic uncertainty are crowded.,Visual servoing foundation model hybrid keeps action-critical alternatives explicit until a physical observation collapses them.
30,doi:10.1109/iros.2008.4650754,A Sliding Mode Control law for epipolar visual servoing of differential-drive robots,2008,,https://doi.org/10.1109/iros.2008.4650754,Addresses visual servoing and foundation policies or a neighboring robotics mechanism.,"Prior work usually predicts, ranks, filters, or imitates observed behavior rather than preserving unrealized branches.",The observed outcome is enough to supervise the model.,"Contact mode support, embodiment limits, and deployment perturbations.","Branch collapse, hidden-mode shift, and tail-risk planning failures.",Generic world models and generic uncertainty are crowded.,Visual servoing foundation model hybrid keeps action-critical alternatives explicit until a physical observation collapses them.
31,doi:10.3390/machines8020033,A Self-triggered Position Based Visual Servoing Model Predictive Control Scheme for Underwater Robotic Vehicles,2020,Machines,https://doi.org/10.3390/machines8020033,Addresses visual servoing and foundation policies or a neighboring robotics mechanism.,"Prior work usually predicts, ranks, filters, or imitates observed behavior rather than preserving unrealized branches.",The observed outcome is enough to supervise the model.,"Contact mode support, embodiment limits, and deployment perturbations.","Branch collapse, hidden-mode shift, and tail-risk planning failures.",Generic world models and generic uncertainty are crowded.,Visual servoing foundation model hybrid keeps action-critical alternatives explicit until a physical observation collapses them.
32,doi:10.1109/aim.2008.4601662,High-accuracy visual/PSD hybrid servoing of robotic manipulator,2008,,https://doi.org/10.1109/aim.2008.4601662,Addresses visual servoing and foundation policies or a neighboring robotics mechanism.,"Prior work usually predicts, ranks, filters, or imitates observed behavior rather than preserving unrealized branches.",The observed outcome is enough to supervise the model.,"Contact mode support, embodiment limits, and deployment perturbations.","Branch collapse, hidden-mode shift, and tail-risk planning failures.",Generic world models and generic uncertainty are crowded.,Visual servoing foundation model hybrid keeps action-critical alternatives explicit until a physical observation collapses them.
33,doi:10.1109/tie.2021.3057005,Policy-Based Deep Reinforcement Learning for Visual Servoing Control of Mobile Robots With Visibility Constraints,2021,IEEE Transactions on Industrial Electronics,https://doi.org/10.1109/tie.2021.3057005,Addresses visual servoing and foundation policies or a neighboring robotics mechanism.,"Prior work usually predicts, ranks, filters, or imitates observed behavior rather than preserving unrealized branches.",The observed outcome is enough to supervise the model.,"Contact mode support, embodiment limits, and deployment perturbations.","Branch collapse, hidden-mode shift, and tail-risk planning failures.",Generic world models and generic uncertainty are crowded.,Visual servoing foundation model hybrid keeps action-critical alternatives explicit until a physical observation collapses them.
34,doi:10.1109/lra.2023.3318118,A Modeling and Data-driven Control Framework for Rigid-soft Hybrid Robot with Visual Servoing,2023,IEEE Robotics and Automation Letters,https://doi.org/10.1109/lra.2023.3318118,Addresses visual servoing and foundation policies or a neighboring robotics mechanism.,"Prior work usually predicts, ranks, filters, or imitates observed behavior rather than preserving unrealized branches.",The observed outcome is enough to supervise the model.,"Contact mode support, embodiment limits, and deployment perturbations.","Branch collapse, hidden-mode shift, and tail-risk planning failures.",Generic world models and generic uncertainty are crowded.,Visual servoing foundation model hybrid keeps action-critical alternatives explicit until a physical observation collapses them.
35,doi:10.1109/icrom.2016.7886818,Visual servoing control of robot manipulator in 3D space using fuzzy hybrid controller,2016,2016 4th International Conference on Robotics and Mechatronics (ICROM),https://doi.org/10.1109/icrom.2016.7886818,Addresses visual servoing and foundation policies or a neighboring robotics mechanism.,"Prior work usually predicts, ranks, filters, or imitates observed behavior rather than preserving unrealized branches.",The observed outcome is enough to supervise the model.,"Contact mode support, embodiment limits, and deployment perturbations.","Branch collapse, hidden-mode shift, and tail-risk planning failures.",Generic world models and generic uncertainty are crowded.,Visual servoing foundation model hybrid keeps action-critical alternatives explicit until a physical observation collapses them.
36,doi:10.36227/techrxiv.15087696,Autonomous Intubation Robot System based on Visual Servoing and Hybrid Control,,,https://doi.org/10.36227/techrxiv.15087696,Addresses visual servoing and foundation policies or a neighboring robotics mechanism.,"Prior work usually predicts, ranks, filters, or imitates observed behavior rather than preserving unrealized branches.",The observed outcome is enough to supervise the model.,"Contact mode support, embodiment limits, and deployment perturbations.","Branch collapse, hidden-mode shift, and tail-risk planning failures.",Generic world models and generic uncertainty are crowded.,Visual servoing foundation model hybrid keeps action-critical alternatives explicit until a physical observation collapses them.
37,doi:10.36227/techrxiv.15087696.v1,Autonomous Intubation Robot System based on Visual Servoing and Hybrid Control,,,https://doi.org/10.36227/techrxiv.15087696.v1,Addresses visual servoing and foundation policies or a neighboring robotics mechanism.,"Prior work usually predicts, ranks, filters, or imitates observed behavior rather than preserving unrealized branches.",The observed outcome is enough to supervise the model.,"Contact mode support, embodiment limits, and deployment perturbations.","Branch collapse, hidden-mode shift, and tail-risk planning failures.",Generic world models and generic uncertainty are crowded.,Visual servoing foundation model hybrid keeps action-critical alternatives explicit until a physical observation collapses them.
38,doi:10.3390/en18236365,Adaptive Visual Servo Control for GIS Partial Discharge Detection Robots: A Model Predictive Control Approach,2025,Energies,https://doi.org/10.3390/en18236365,Addresses visual servoing and foundation policies or a neighboring robotics mechanism.,"Prior work usually predicts, ranks, filters, or imitates observed behavior rather than preserving unrealized branches.",The observed outcome is enough to supervise the model.,"Contact mode support, embodiment limits, and deployment perturbations.","Branch collapse, hidden-mode shift, and tail-risk planning failures.",Generic world models and generic uncertainty are crowded.,Visual servoing foundation model hybrid keeps action-critical alternatives explicit until a physical observation collapses them.
39,doi:10.1109/mra.2007.339609,Visual servo control. II. Advanced approaches [Tutorial],2007,IEEE Robotics & Automation Magazine,https://doi.org/10.1109/mra.2007.339609,Addresses visual servoing and foundation policies or a neighboring robotics mechanism.,"Prior work usually predicts, ranks, filters, or imitates observed behavior rather than preserving unrealized branches.",The observed outcome is enough to supervise the model.,"Contact mode support, embodiment limits, and deployment perturbations.","Branch collapse, hidden-mode shift, and tail-risk planning failures.",Generic world models and generic uncertainty are crowded.,Visual servoing foundation model hybrid keeps action-critical alternatives explicit until a physical observation collapses them.
40,doi:10.1007/s11548-025-03437-7,PDZSeg: adapting the foundation model for dissection zone segmentation with visual prompts in robot-assisted endoscopic submucosal dissection,2025,International Journal of Computer Assisted Radiology and Surgery,https://doi.org/10.1007/s11548-025-03437-7,Addresses visual servoing and foundation policies or a neighboring robotics mechanism.,"Prior work usually predicts, ranks, filters, or imitates observed behavior rather than preserving unrealized branches.",The observed outcome is enough to supervise the model.,"Contact mode support, embodiment limits, and deployment perturbations.","Branch collapse, hidden-mode shift, and tail-risk planning failures.",Generic world models and generic uncertainty are crowded.,Visual servoing foundation model hybrid keeps action-critical alternatives explicit until a physical observation collapses them.
41,doi:10.1109/sii.2013.6776698,A hybrid visual servo control system for the autonomous mobile robot,2013,Proceedings of the 2013 IEEE/SICE International Symposium on System Integration,https://doi.org/10.1109/sii.2013.6776698,Addresses visual servoing and foundation policies or a neighboring robotics mechanism.,"Prior work usually predicts, ranks, filters, or imitates observed behavior rather than preserving unrealized branches.",The observed outcome is enough to supervise the model.,"Contact mode support, embodiment limits, and deployment perturbations.","Branch collapse, hidden-mode shift, and tail-risk planning failures.",Generic world models and generic uncertainty are crowded.,Visual servoing foundation model hybrid keeps action-critical alternatives explicit until a physical observation collapses them.
42,doi:10.1109/tie.2022.3172778,Hybrid Uncalibrated Visual Servoing Control of Harvesting Robots With RGB-D Cameras,2022,IEEE Transactions on Industrial Electronics,https://doi.org/10.1109/tie.2022.3172778,Addresses visual servoing and foundation policies or a neighboring robotics mechanism.,"Prior work usually predicts, ranks, filters, or imitates observed behavior rather than preserving unrealized branches.",The observed outcome is enough to supervise the model.,"Contact mode support, embodiment limits, and deployment perturbations.","Branch collapse, hidden-mode shift, and tail-risk planning failures.",Generic world models and generic uncertainty are crowded.,Visual servoing foundation model hybrid keeps action-critical alternatives explicit until a physical observation collapses them.
43,doi:10.3390/act12060253,Hybrid Visual Servo Control of a Robotic Manipulator for Cherry Tomato Harvesting,2023,Actuators,https://doi.org/10.3390/act12060253,Addresses visual servoing and foundation policies or a neighboring robotics mechanism.,"Prior work usually predicts, ranks, filters, or imitates observed behavior rather than preserving unrealized branches.",The observed outcome is enough to supervise the model.,"Contact mode support, embodiment limits, and deployment perturbations.","Branch collapse, hidden-mode shift, and tail-risk planning failures.",Generic world models and generic uncertainty are crowded.,Visual servoing foundation model hybrid keeps action-critical alternatives explicit until a physical observation collapses them.
44,doi:10.1109/icma.2009.5246280,A hybrid visual servoing control of 4 DOFs space robot,2009,2009 International Conference on Mechatronics and Automation,https://doi.org/10.1109/icma.2009.5246280,Addresses visual servoing and foundation policies or a neighboring robotics mechanism.,"Prior work usually predicts, ranks, filters, or imitates observed behavior rather than preserving unrealized branches.",The observed outcome is enough to supervise the model.,"Contact mode support, embodiment limits, and deployment perturbations.","Branch collapse, hidden-mode shift, and tail-risk planning failures.",Generic world models and generic uncertainty are crowded.,Visual servoing foundation model hybrid keeps action-critical alternatives explicit until a physical observation collapses them.
45,doi:10.1002/zamm.202000351,3D hybrid model of foundation‐soil‐foundation dynamic interaction,2021,ZAMM - Journal of Applied Mathematics and Mechanics / Zeitschrift für Angewandte Mathematik und Mechanik,https://doi.org/10.1002/zamm.202000351,Addresses visual servoing and foundation policies or a neighboring robotics mechanism.,"Prior work usually predicts, ranks, filters, or imitates observed behavior rather than preserving unrealized branches.",The observed outcome is enough to supervise the model.,"Contact mode support, embodiment limits, and deployment perturbations.","Branch collapse, hidden-mode shift, and tail-risk planning failures.",Generic world models and generic uncertainty are crowded.,Visual servoing foundation model hybrid keeps action-critical alternatives explicit until a physical observation collapses them.
46,doi:10.3389/frobt.2026.1771992,A platform for investigating prompt framing as interface parameters in foundation models for robotics,2026,Frontiers in Robotics and AI,https://doi.org/10.3389/frobt.2026.1771992,Addresses visual servoing and foundation policies or a neighboring robotics mechanism.,"Prior work usually predicts, ranks, filters, or imitates observed behavior rather than preserving unrealized branches.",The observed outcome is enough to supervise the model.,"Contact mode support, embodiment limits, and deployment perturbations.","Branch collapse, hidden-mode shift, and tail-risk planning failures.",Generic world models and generic uncertainty are crowded.,Visual servoing foundation model hybrid keeps action-critical alternatives explicit until a physical observation collapses them.
47,doi:10.64898/2025.12.17.694831,An EMG Foundation Model for Neural Decoding,,,https://doi.org/10.64898/2025.12.17.694831,Addresses visual servoing and foundation policies or a neighboring robotics mechanism.,"Prior work usually predicts, ranks, filters, or imitates observed behavior rather than preserving unrealized branches.",The observed outcome is enough to supervise the model.,"Contact mode support, embodiment limits, and deployment perturbations.","Branch collapse, hidden-mode shift, and tail-risk planning failures.",Generic world models and generic uncertainty are crowded.,Visual servoing foundation model hybrid keeps action-critical alternatives explicit until a physical observation collapses them.
48,doi:10.1109/iros.2013.6696333,Uncalibrated 3D stereo image-based dynamic visual servoing for robot manipulators,2013,,https://doi.org/10.1109/iros.2013.6696333,Addresses visual servoing and foundation policies or a neighboring robotics mechanism.,"Prior work usually predicts, ranks, filters, or imitates observed behavior rather than preserving unrealized branches.",The observed outcome is enough to supervise the model.,"Contact mode support, embodiment limits, and deployment perturbations.","Branch collapse, hidden-mode shift, and tail-risk planning failures.",Generic world models and generic uncertainty are crowded.,Visual servoing foundation model hybrid keeps action-critical alternatives explicit until a physical observation collapses them.
49,doi:10.1177/0278364908096706,Feature Depth Observation for Image-based Visual Servoing: Theory and Experiments,2008,The International Journal of Robotics Research,https://doi.org/10.1177/0278364908096706,Addresses visual servoing and foundation policies or a neighboring robotics mechanism.,"Prior work usually predicts, ranks, filters, or imitates observed behavior rather than preserving unrealized branches.",The observed outcome is enough to supervise the model.,"Contact mode support, embodiment limits, and deployment perturbations.","Branch collapse, hidden-mode shift, and tail-risk planning failures.",Generic world models and generic uncertainty are crowded.,Visual servoing foundation model hybrid keeps action-critical alternatives explicit until a physical observation collapses them.
50,arxiv:2606.00815v1,OmniEEG-Bench: A Standardized Evaluation Benchmark for EEG Foundation Models,2026,arXiv,http://arxiv.org/abs/2606.00815v1,Addresses visual servoing and foundation policies or a neighboring robotics mechanism.,"Prior work usually predicts, ranks, filters, or imitates observed behavior rather than preserving unrealized branches.",The observed outcome is enough to supervise the model.,"Contact mode support, embodiment limits, and deployment perturbations.","Branch collapse, hidden-mode shift, and tail-risk planning failures.",Generic world models and generic uncertainty are crowded.,Visual servoing foundation model hybrid keeps action-critical alternatives explicit until a physical observation collapses them.
51,arxiv:2604.07430v1,HY-Embodied-0.5: Embodied Foundation Models for Real-World Agents,2026,arXiv,http://arxiv.org/abs/2604.07430v1,Addresses visual servoing and foundation policies or a neighboring robotics mechanism.,"Prior work usually predicts, ranks, filters, or imitates observed behavior rather than preserving unrealized branches.",The observed outcome is enough to supervise the model.,"Contact mode support, embodiment limits, and deployment perturbations.","Branch collapse, hidden-mode shift, and tail-risk planning failures.",Generic world models and generic uncertainty are crowded.,Visual servoing foundation model hybrid keeps action-critical alternatives explicit until a physical observation collapses them.
52,doi:10.1109/icra55743.2025.11128823,ReVLA: Reverting Visual Domain Limitation of Robotic Foundation Models,2025,2025 IEEE International Conference on Robotics and Automation (ICRA),https://doi.org/10.1109/icra55743.2025.11128823,Addresses visual servoing and foundation policies or a neighboring robotics mechanism.,"Prior work usually predicts, ranks, filters, or imitates observed behavior rather than preserving unrealized branches.",The observed outcome is enough to supervise the model.,"Contact mode support, embodiment limits, and deployment perturbations.","Branch collapse, hidden-mode shift, and tail-risk planning failures.",Generic world models and generic uncertainty are crowded.,Visual servoing foundation model hybrid keeps action-critical alternatives explicit until a physical observation collapses them.
53,doi:10.1109/iccas.2016.7832473,Hybrid visual servoing design for a continuum robot under visibility constraint and voice commands,2016,"2016 16th International Conference on Control, Automation and Systems (ICCAS)",https://doi.org/10.1109/iccas.2016.7832473,Addresses visual servoing and foundation policies or a neighboring robotics mechanism.,"Prior work usually predicts, ranks, filters, or imitates observed behavior rather than preserving unrealized branches.",The observed outcome is enough to supervise the model.,"Contact mode support, embodiment limits, and deployment perturbations.","Branch collapse, hidden-mode shift, and tail-risk planning failures.",Generic world models and generic uncertainty are crowded.,Visual servoing foundation model hybrid keeps action-critical alternatives explicit until a physical observation collapses them.
54,doi:10.1142/s0219843605000430,HAND–EYE COORDINATION THROUGH ENDPOINT CLOSED-LOOP AND LEARNED ENDPOINT OPEN-LOOP VISUAL SERVO CONTROL,2005,International Journal of Humanoid Robotics,https://doi.org/10.1142/s0219843605000430,Addresses visual servoing and foundation policies or a neighboring robotics mechanism.,"Prior work usually predicts, ranks, filters, or imitates observed behavior rather than preserving unrealized branches.",The observed outcome is enough to supervise the model.,"Contact mode support, embodiment limits, and deployment perturbations.","Branch collapse, hidden-mode shift, and tail-risk planning failures.",Generic world models and generic uncertainty are crowded.,Visual servoing foundation model hybrid keeps action-critical alternatives explicit until a physical observation collapses them.
55,doi:10.3390/robotics12040104,Skill Fusion in Hybrid Robotic Framework for Visual Object Goal Navigation,2023,Robotics,https://doi.org/10.3390/robotics12040104,Addresses visual servoing and foundation policies or a neighboring robotics mechanism.,"Prior work usually predicts, ranks, filters, or imitates observed behavior rather than preserving unrealized branches.",The observed outcome is enough to supervise the model.,"Contact mode support, embodiment limits, and deployment perturbations.","Branch collapse, hidden-mode shift, and tail-risk planning failures.",Generic world models and generic uncertainty are crowded.,Visual servoing foundation model hybrid keeps action-critical alternatives explicit until a physical observation collapses them.
56,doi:10.4043/37071-ms,Offshore Monopile Foundation Analysis Using Hybrid Hydrodynamic Model,2026,Offshore Technology Conference,https://doi.org/10.4043/37071-ms,Addresses visual servoing and foundation policies or a neighboring robotics mechanism.,"Prior work usually predicts, ranks, filters, or imitates observed behavior rather than preserving unrealized branches.",The observed outcome is enough to supervise the model.,"Contact mode support, embodiment limits, and deployment perturbations.","Branch collapse, hidden-mode shift, and tail-risk planning failures.",Generic world models and generic uncertainty are crowded.,Visual servoing foundation model hybrid keeps action-critical alternatives explicit until a physical observation collapses them.
57,doi:10.1609/aaai.v40i8.37583,Any-Optical-Model: A Universal Foundation Model for Optical Remote Sensing,2026,Proceedings of the AAAI Conference on Artificial Intelligence,https://doi.org/10.1609/aaai.v40i8.37583,Addresses visual servoing and foundation policies or a neighboring robotics mechanism.,"Prior work usually predicts, ranks, filters, or imitates observed behavior rather than preserving unrealized branches.",The observed outcome is enough to supervise the model.,"Contact mode support, embodiment limits, and deployment perturbations.","Branch collapse, hidden-mode shift, and tail-risk planning failures.",Generic world models and generic uncertainty are crowded.,Visual servoing foundation model hybrid keeps action-critical alternatives explicit until a physical observation collapses them.
58,doi:10.32920/25234732.v1,Hybrid Visual Predictive Control for Single and Multi-Agent Systems,,,https://doi.org/10.32920/25234732.v1,Addresses visual servoing and foundation policies or a neighboring robotics mechanism.,"Prior work usually predicts, ranks, filters, or imitates observed behavior rather than preserving unrealized branches.",The observed outcome is enough to supervise the model.,"Contact mode support, embodiment limits, and deployment perturbations.","Branch collapse, hidden-mode shift, and tail-risk planning failures.",Generic world models and generic uncertainty are crowded.,Visual servoing foundation model hybrid keeps action-critical alternatives explicit until a physical observation collapses them.
59,doi:10.32920/25234732,Hybrid Visual Predictive Control for Single and Multi-Agent Systems,,,https://doi.org/10.32920/25234732,Addresses visual servoing and foundation policies or a neighboring robotics mechanism.,"Prior work usually predicts, ranks, filters, or imitates observed behavior rather than preserving unrealized branches.",The observed outcome is enough to supervise the model.,"Contact mode support, embodiment limits, and deployment perturbations.","Branch collapse, hidden-mode shift, and tail-risk planning failures.",Generic world models and generic uncertainty are crowded.,Visual servoing foundation model hybrid keeps action-critical alternatives explicit until a physical observation collapses them.
60,doi:10.36227/techrxiv.176153407.77398309/v1,From Classical Planning to Learning-Based Task and Motion Planning: A Survey of Intelligent Planning Systems,,,https://doi.org/10.36227/techrxiv.176153407.77398309/v1,Addresses visual servoing and foundation policies or a neighboring robotics mechanism.,"Prior work usually predicts, ranks, filters, or imitates observed behavior rather than preserving unrealized branches.",The observed outcome is enough to supervise the model.,"Contact mode support, embodiment limits, and deployment perturbations.","Branch collapse, hidden-mode shift, and tail-risk planning failures.",Generic world models and generic uncertainty are crowded.,Visual servoing foundation model hybrid keeps action-critical alternatives explicit until a physical observation collapses them.
61,doi:10.5302/j.icros.2015.14.0134,Objects Tracking of the Mobile Robot Using the Hybrid Visual Servoing,2015,"Journal of Institute of Control, Robotics and Systems",https://doi.org/10.5302/j.icros.2015.14.0134,Addresses visual servoing and foundation policies or a neighboring robotics mechanism.,"Prior work usually predicts, ranks, filters, or imitates observed behavior rather than preserving unrealized branches.",The observed outcome is enough to supervise the model.,"Contact mode support, embodiment limits, and deployment perturbations.","Branch collapse, hidden-mode shift, and tail-risk planning failures.",Generic world models and generic uncertainty are crowded.,Visual servoing foundation model hybrid keeps action-critical alternatives explicit until a physical observation collapses them.
62,doi:10.1007/s10015-012-0074-9,Experimental evaluation of teleoperation system with force-free control and visual servo control by human operator perception,2013,Artificial Life and Robotics,https://doi.org/10.1007/s10015-012-0074-9,Addresses visual servoing and foundation policies or a neighboring robotics mechanism.,"Prior work usually predicts, ranks, filters, or imitates observed behavior rather than preserving unrealized branches.",The observed outcome is enough to supervise the model.,"Contact mode support, embodiment limits, and deployment perturbations.","Branch collapse, hidden-mode shift, and tail-risk planning failures.",Generic world models and generic uncertainty are crowded.,Visual servoing foundation model hybrid keeps action-critical alternatives explicit until a physical observation collapses them.
63,arxiv:2602.17659v1,When Vision Overrides Language: Evaluating and Mitigating Counterfactual Failures in VLAs,2026,arXiv,http://arxiv.org/abs/2602.17659v1,Addresses visual servoing and foundation policies or a neighboring robotics mechanism.,"Prior work usually predicts, ranks, filters, or imitates observed behavior rather than preserving unrealized branches.",The observed outcome is enough to supervise the model.,"Contact mode support, embodiment limits, and deployment perturbations.","Branch collapse, hidden-mode shift, and tail-risk planning failures.",Generic world models and generic uncertainty are crowded.,Visual servoing foundation model hybrid keeps action-critical alternatives explicit until a physical observation collapses them.
64,doi:10.31763/ijrcs.v5i2.1844,Strategic Chess Algorithm-Based PI Controller Optimization for Load Frequency Control in Two-Area Hybrid Photovoltaic–Thermal Power Systems,2025,International Journal of Robotics and Control Systems,https://doi.org/10.31763/ijrcs.v5i2.1844,Addresses visual servoing and foundation policies or a neighboring robotics mechanism.,"Prior work usually predicts, ranks, filters, or imitates observed behavior rather than preserving unrealized branches.",The observed outcome is enough to supervise the model.,"Contact mode support, embodiment limits, and deployment perturbations.","Branch collapse, hidden-mode shift, and tail-risk planning failures.",Generic world models and generic uncertainty are crowded.,Visual servoing foundation model hybrid keeps action-critical alternatives explicit until a physical observation collapses them.
65,doi:10.1093/jamiaopen/ooaf122,ECG-FM: an open electrocardiogram foundation model,2025,JAMIA Open,https://doi.org/10.1093/jamiaopen/ooaf122,Addresses visual servoing and foundation policies or a neighboring robotics mechanism.,"Prior work usually predicts, ranks, filters, or imitates observed behavior rather than preserving unrealized branches.",The observed outcome is enough to supervise the model.,"Contact mode support, embodiment limits, and deployment perturbations.","Branch collapse, hidden-mode shift, and tail-risk planning failures.",Generic world models and generic uncertainty are crowded.,Visual servoing foundation model hybrid keeps action-critical alternatives explicit until a physical observation collapses them.
66,doi:10.1109/icarcv57592.2022.10004285,Indirect Positioning of a 3D Point on a Soft Object Using RGB-D Visual Servoing and a Mass-Spring Model,2022,"2022 17th International Conference on Control, Automation, Robotics and Vision (ICARCV)",https://doi.org/10.1109/icarcv57592.2022.10004285,Addresses visual servoing and foundation policies or a neighboring robotics mechanism.,"Prior work usually predicts, ranks, filters, or imitates observed behavior rather than preserving unrealized branches.",The observed outcome is enough to supervise the model.,"Contact mode support, embodiment limits, and deployment perturbations.","Branch collapse, hidden-mode shift, and tail-risk planning failures.",Generic world models and generic uncertainty are crowded.,Visual servoing foundation model hybrid keeps action-critical alternatives explicit until a physical observation collapses them.
67,doi:10.9707/1944-5660.1748,The Future of Purpose-Driven Work: Evaluating a Case Study of the Hybrid: Flexible Purpose Model at the Robert Wood Johnson Foundation,2026,The Foundation Review,https://doi.org/10.9707/1944-5660.1748,Addresses visual servoing and foundation policies or a neighboring robotics mechanism.,"Prior work usually predicts, ranks, filters, or imitates observed behavior rather than preserving unrealized branches.",The observed outcome is enough to supervise the model.,"Contact mode support, embodiment limits, and deployment perturbations.","Branch collapse, hidden-mode shift, and tail-risk planning failures.",Generic world models and generic uncertainty are crowded.,Visual servoing foundation model hybrid keeps action-critical alternatives explicit until a physical observation collapses them.
68,doi:10.21556/edutec.2025.94.3955,Visual servoing for robot control: Learning activities using RoboDKde robots: actividades de aprendizaje con RoboDK Servocontrol visual para el control de robots: actividades de aprendizaje con RoboDK,2025,"Edutec, Revista Electrónica de Tecnología Educativa",https://doi.org/10.21556/edutec.2025.94.3955,Addresses visual servoing and foundation policies or a neighboring robotics mechanism.,"Prior work usually predicts, ranks, filters, or imitates observed behavior rather than preserving unrealized branches.",The observed outcome is enough to supervise the model.,"Contact mode support, embodiment limits, and deployment perturbations.","Branch collapse, hidden-mode shift, and tail-risk planning failures.",Generic world models and generic uncertainty are crowded.,Visual servoing foundation model hybrid keeps action-critical alternatives explicit until a physical observation collapses them.
69,doi:10.1109/tie.2019.2891407,Visual Servo Tracking of Wheeled Mobile Robots With Unknown Extrinsic Parameters,2019,IEEE Transactions on Industrial Electronics,https://doi.org/10.1109/tie.2019.2891407,Addresses visual servoing and foundation policies or a neighboring robotics mechanism.,"Prior work usually predicts, ranks, filters, or imitates observed behavior rather than preserving unrealized branches.",The observed outcome is enough to supervise the model.,"Contact mode support, embodiment limits, and deployment perturbations.","Branch collapse, hidden-mode shift, and tail-risk planning failures.",Generic world models and generic uncertainty are crowded.,Visual servoing foundation model hybrid keeps action-critical alternatives explicit until a physical observation collapses them.
70,arxiv:2509.19480v1,OmniVLA: An Omni-Modal Vision-Language-Action Model for Robot Navigation,2025,arXiv,http://arxiv.org/abs/2509.19480v1,Addresses visual servoing and foundation policies or a neighboring robotics mechanism.,"Prior work usually predicts, ranks, filters, or imitates observed behavior rather than preserving unrealized branches.",The observed outcome is enough to supervise the model.,"Contact mode support, embodiment limits, and deployment perturbations.","Branch collapse, hidden-mode shift, and tail-risk planning failures.",Generic world models and generic uncertainty are crowded.,Visual servoing foundation model hybrid keeps action-critical alternatives explicit until a physical observation collapses them.
71,doi:10.1109/70.760345,2 1/2 D visual servoing,1999,IEEE Transactions on Robotics and Automation,https://doi.org/10.1109/70.760345,Addresses visual servoing and foundation policies or a neighboring robotics mechanism.,"Prior work usually predicts, ranks, filters, or imitates observed behavior rather than preserving unrealized branches.",The observed outcome is enough to supervise the model.,"Contact mode support, embodiment limits, and deployment perturbations.","Branch collapse, hidden-mode shift, and tail-risk planning failures.",Generic world models and generic uncertainty are crowded.,Visual servoing foundation model hybrid keeps action-critical alternatives explicit until a physical observation collapses them.
72,doi:10.1109/lra.2024.3500882,DINO-MOT: 3D Multi-Object Tracking With Visual Foundation Model for Pedestrian Re-Identification Using Visual Memory Mechanism,2025,IEEE Robotics and Automation Letters,https://doi.org/10.1109/lra.2024.3500882,Addresses visual servoing and foundation policies or a neighboring robotics mechanism.,"Prior work usually predicts, ranks, filters, or imitates observed behavior rather than preserving unrealized branches.",The observed outcome is enough to supervise the model.,"Contact mode support, embodiment limits, and deployment perturbations.","Branch collapse, hidden-mode shift, and tail-risk planning failures.",Generic world models and generic uncertainty are crowded.,Visual servoing foundation model hybrid keeps action-critical alternatives explicit until a physical observation collapses them.
73,doi:10.11159/cdsr19.110,ASSESSMENT OF VISUAL SERVOING TECHNIQUES FOR TARGET LOCALIZATION,2019,"International Conference of Control, Dynamic Systems, and Robotics Proceedings of the 5th International Conference of Control, Dynamic Systems, and Robotics (CDSR'19)",https://doi.org/10.11159/cdsr19.110,Addresses visual servoing and foundation policies or a neighboring robotics mechanism.,"Prior work usually predicts, ranks, filters, or imitates observed behavior rather than preserving unrealized branches.",The observed outcome is enough to supervise the model.,"Contact mode support, embodiment limits, and deployment perturbations.","Branch collapse, hidden-mode shift, and tail-risk planning failures.",Generic world models and generic uncertainty are crowded.,Visual servoing foundation model hybrid keeps action-critical alternatives explicit until a physical observation collapses them.
74,doi:10.1016/j.oceaneng.2023.114461,Failure mechanism of single pile-friction footing hybrid foundation under combined V–H–M loadings by PIV experiments and FE method,2023,Ocean Engineering,https://doi.org/10.1016/j.oceaneng.2023.114461,Addresses visual servoing and foundation policies or a neighboring robotics mechanism.,"Prior work usually predicts, ranks, filters, or imitates observed behavior rather than preserving unrealized branches.",The observed outcome is enough to supervise the model.,"Contact mode support, embodiment limits, and deployment perturbations.","Branch collapse, hidden-mode shift, and tail-risk planning failures.",Generic world models and generic uncertainty are crowded.,Visual servoing foundation model hybrid keeps action-critical alternatives explicit until a physical observation collapses them.
75,arxiv:2409.03299v1,Bringing the RT-1-X Foundation Model to a SCARA robot,2024,arXiv,http://arxiv.org/abs/2409.03299v1,Addresses visual servoing and foundation policies or a neighboring robotics mechanism.,"Prior work usually predicts, ranks, filters, or imitates observed behavior rather than preserving unrealized branches.",The observed outcome is enough to supervise the model.,"Contact mode support, embodiment limits, and deployment perturbations.","Branch collapse, hidden-mode shift, and tail-risk planning failures.",Generic world models and generic uncertainty are crowded.,Visual servoing foundation model hybrid keeps action-critical alternatives explicit until a physical observation collapses them.
76,doi:10.1109/lra.2022.3194690,Hybrid Eye-in-Hand/Eye-to-Hand Image Based Visual Servoing for Soft Continuum Arms,2022,IEEE Robotics and Automation Letters,https://doi.org/10.1109/lra.2022.3194690,Addresses visual servoing and foundation policies or a neighboring robotics mechanism.,"Prior work usually predicts, ranks, filters, or imitates observed behavior rather than preserving unrealized branches.",The observed outcome is enough to supervise the model.,"Contact mode support, embodiment limits, and deployment perturbations.","Branch collapse, hidden-mode shift, and tail-risk planning failures.",Generic world models and generic uncertainty are crowded.,Visual servoing foundation model hybrid keeps action-critical alternatives explicit until a physical observation collapses them.
77,doi:10.1109/mra.2005.1577022,EGT for multiple view geometry and visual servoing - Robotics and vision with pinhole and panoramics cameras,2005,IEEE Robotics & Automation Magazine,https://doi.org/10.1109/mra.2005.1577022,Addresses visual servoing and foundation policies or a neighboring robotics mechanism.,"Prior work usually predicts, ranks, filters, or imitates observed behavior rather than preserving unrealized branches.",The observed outcome is enough to supervise the model.,"Contact mode support, embodiment limits, and deployment perturbations.","Branch collapse, hidden-mode shift, and tail-risk planning failures.",Generic world models and generic uncertainty are crowded.,Visual servoing foundation model hybrid keeps action-critical alternatives explicit until a physical observation collapses them.
78,doi:10.1167/jov.25.9.2697,Learned affordances and action similarity modulate repulsion biases in visual working memory,2025,Journal of Vision,https://doi.org/10.1167/jov.25.9.2697,Addresses visual servoing and foundation policies or a neighboring robotics mechanism.,"Prior work usually predicts, ranks, filters, or imitates observed behavior rather than preserving unrealized branches.",The observed outcome is enough to supervise the model.,"Contact mode support, embodiment limits, and deployment perturbations.","Branch collapse, hidden-mode shift, and tail-risk planning failures.",Generic world models and generic uncertainty are crowded.,Visual servoing foundation model hybrid keeps action-critical alternatives explicit until a physical observation collapses them.
79,doi:10.18196/jrc.v3i5.14683,A Comprehensive Overview of Classical and Modern Route Planning Algorithms for Self-Driving Mobile Robots,2022,Journal of Robotics and Control (JRC),https://doi.org/10.18196/jrc.v3i5.14683,Addresses visual servoing and foundation policies or a neighboring robotics mechanism.,"Prior work usually predicts, ranks, filters, or imitates observed behavior rather than preserving unrealized branches.",The observed outcome is enough to supervise the model.,"Contact mode support, embodiment limits, and deployment perturbations.","Branch collapse, hidden-mode shift, and tail-risk planning failures.",Generic world models and generic uncertainty are crowded.,Visual servoing foundation model hybrid keeps action-critical alternatives explicit until a physical observation collapses them.
80,doi:10.1109/icra46639.2022.9811944,Learning Stable Dynamical Systems for Visual Servoing,2022,2022 International Conference on Robotics and Automation (ICRA),https://doi.org/10.1109/icra46639.2022.9811944,Addresses visual servoing and foundation policies or a neighboring robotics mechanism.,"Prior work usually predicts, ranks, filters, or imitates observed behavior rather than preserving unrealized branches.",The observed outcome is enough to supervise the model.,"Contact mode support, embodiment limits, and deployment perturbations.","Branch collapse, hidden-mode shift, and tail-risk planning failures.",Generic world models and generic uncertainty are crowded.,Visual servoing foundation model hybrid keeps action-critical alternatives explicit until a physical observation collapses them.
81,doi:10.31763/ijrcs.v6i1.2444,Enhanced Safety in Industrial Robots: An Optimized Hybrid Method for External Torque Prediction,2026,International Journal of Robotics and Control Systems,https://doi.org/10.31763/ijrcs.v6i1.2444,Addresses visual servoing and foundation policies or a neighboring robotics mechanism.,"Prior work usually predicts, ranks, filters, or imitates observed behavior rather than preserving unrealized branches.",The observed outcome is enough to supervise the model.,"Contact mode support, embodiment limits, and deployment perturbations.","Branch collapse, hidden-mode shift, and tail-risk planning failures.",Generic world models and generic uncertainty are crowded.,Visual servoing foundation model hybrid keeps action-critical alternatives explicit until a physical observation collapses them.
82,arxiv:2512.08959v1,EEG-Bench: A Benchmark for EEG Foundation Models in Clinical Applications,2025,arXiv,http://arxiv.org/abs/2512.08959v1,Addresses visual servoing and foundation policies or a neighboring robotics mechanism.,"Prior work usually predicts, ranks, filters, or imitates observed behavior rather than preserving unrealized branches.",The observed outcome is enough to supervise the model.,"Contact mode support, embodiment limits, and deployment perturbations.","Branch collapse, hidden-mode shift, and tail-risk planning failures.",Generic world models and generic uncertainty are crowded.,Visual servoing foundation model hybrid keeps action-critical alternatives explicit until a physical observation collapses them.
83,arxiv:2503.06060v1,STAR: A Foundation Model-driven Framework for Robust Task Planning and Failure Recovery in Robotic Systems,2025,arXiv,http://arxiv.org/abs/2503.06060v1,Addresses visual servoing and foundation policies or a neighboring robotics mechanism.,"Prior work usually predicts, ranks, filters, or imitates observed behavior rather than preserving unrealized branches.",The observed outcome is enough to supervise the model.,"Contact mode support, embodiment limits, and deployment perturbations.","Branch collapse, hidden-mode shift, and tail-risk planning failures.",Generic world models and generic uncertainty are crowded.,Visual servoing foundation model hybrid keeps action-critical alternatives explicit until a physical observation collapses them.
84,doi:10.3390/s20247121,Intelligent Perception System of Robot Visual Servo for Complex Industrial Environment,2020,Sensors,https://doi.org/10.3390/s20247121,Addresses visual servoing and foundation policies or a neighboring robotics mechanism.,"Prior work usually predicts, ranks, filters, or imitates observed behavior rather than preserving unrealized branches.",The observed outcome is enough to supervise the model.,"Contact mode support, embodiment limits, and deployment perturbations.","Branch collapse, hidden-mode shift, and tail-risk planning failures.",Generic world models and generic uncertainty are crowded.,Visual servoing foundation model hybrid keeps action-critical alternatives explicit until a physical observation collapses them.
85,doi:10.1016/j.robot.2005.03.009,Feature tracking for visual servoing purposes,2005,Robotics and Autonomous Systems,https://doi.org/10.1016/j.robot.2005.03.009,Addresses visual servoing and foundation policies or a neighboring robotics mechanism.,"Prior work usually predicts, ranks, filters, or imitates observed behavior rather than preserving unrealized branches.",The observed outcome is enough to supervise the model.,"Contact mode support, embodiment limits, and deployment perturbations.","Branch collapse, hidden-mode shift, and tail-risk planning failures.",Generic world models and generic uncertainty are crowded.,Visual servoing foundation model hybrid keeps action-critical alternatives explicit until a physical observation collapses them.
86,doi:10.1002/rob.22561,Visual Servoing With Grid‐Based Directional Error Mapping for Robotic TBM Disc Cutter Replacement,2025,Journal of Field Robotics,https://doi.org/10.1002/rob.22561,Addresses visual servoing and foundation policies or a neighboring robotics mechanism.,"Prior work usually predicts, ranks, filters, or imitates observed behavior rather than preserving unrealized branches.",The observed outcome is enough to supervise the model.,"Contact mode support, embodiment limits, and deployment perturbations.","Branch collapse, hidden-mode shift, and tail-risk planning failures.",Generic world models and generic uncertainty are crowded.,Visual servoing foundation model hybrid keeps action-critical alternatives explicit until a physical observation collapses them.
87,doi:10.1177/02783649241281508,"Foundation models in robotics: Applications, challenges, and the future",2025,The International Journal of Robotics Research,https://doi.org/10.1177/02783649241281508,Addresses visual servoing and foundation policies or a neighboring robotics mechanism.,"Prior work usually predicts, ranks, filters, or imitates observed behavior rather than preserving unrealized branches.",The observed outcome is enough to supervise the model.,"Contact mode support, embodiment limits, and deployment perturbations.","Branch collapse, hidden-mode shift, and tail-risk planning failures.",Generic world models and generic uncertainty are crowded.,Visual servoing foundation model hybrid keeps action-critical alternatives explicit until a physical observation collapses them.
88,doi:10.1109/lars/sbr/wre51543.2020.9307033,A Comparative Evaluation of Learned Feature Descriptors on Hybrid Monocular Visual SLAM Methods,2020,"2020 Latin American Robotics Symposium (LARS), 2020 Brazilian Symposium on Robotics (SBR) and 2020 Workshop on Robotics in Education (WRE)",https://doi.org/10.1109/lars/sbr/wre51543.2020.9307033,Addresses visual servoing and foundation policies or a neighboring robotics mechanism.,"Prior work usually predicts, ranks, filters, or imitates observed behavior rather than preserving unrealized branches.",The observed outcome is enough to supervise the model.,"Contact mode support, embodiment limits, and deployment perturbations.","Branch collapse, hidden-mode shift, and tail-risk planning failures.",Generic world models and generic uncertainty are crowded.,Visual servoing foundation model hybrid keeps action-critical alternatives explicit until a physical observation collapses them.
89,doi:10.1109/lra.2025.3592065,DINO-VO: A Feature-Based Visual Odometry Leveraging a Visual Foundation Model,2025,IEEE Robotics and Automation Letters,https://doi.org/10.1109/lra.2025.3592065,Addresses visual servoing and foundation policies or a neighboring robotics mechanism.,"Prior work usually predicts, ranks, filters, or imitates observed behavior rather than preserving unrealized branches.",The observed outcome is enough to supervise the model.,"Contact mode support, embodiment limits, and deployment perturbations.","Branch collapse, hidden-mode shift, and tail-risk planning failures.",Generic world models and generic uncertainty are crowded.,Visual servoing foundation model hybrid keeps action-critical alternatives explicit until a physical observation collapses them.
90,doi:10.1109/lars/sbr/wre54079.2021.9605393,Position control of an Omnidirectional Robot through Visual Servoing,2021,"2021 Latin American Robotics Symposium (LARS), 2021 Brazilian Symposium on Robotics (SBR), and 2021 Workshop on Robotics in Education (WRE)",https://doi.org/10.1109/lars/sbr/wre54079.2021.9605393,Addresses visual servoing and foundation policies or a neighboring robotics mechanism.,"Prior work usually predicts, ranks, filters, or imitates observed behavior rather than preserving unrealized branches.",The observed outcome is enough to supervise the model.,"Contact mode support, embodiment limits, and deployment perturbations.","Branch collapse, hidden-mode shift, and tail-risk planning failures.",Generic world models and generic uncertainty are crowded.,Visual servoing foundation model hybrid keeps action-critical alternatives explicit until a physical observation collapses them.
91,doi:10.1109/icra48891.2023.10160963,Deep metric learning for visual servoing: when pose and image meet in latent space,2023,2023 IEEE International Conference on Robotics and Automation (ICRA),https://doi.org/10.1109/icra48891.2023.10160963,Addresses visual servoing and foundation policies or a neighboring robotics mechanism.,"Prior work usually predicts, ranks, filters, or imitates observed behavior rather than preserving unrealized branches.",The observed outcome is enough to supervise the model.,"Contact mode support, embodiment limits, and deployment perturbations.","Branch collapse, hidden-mode shift, and tail-risk planning failures.",Generic world models and generic uncertainty are crowded.,Visual servoing foundation model hybrid keeps action-critical alternatives explicit until a physical observation collapses them.
92,doi:10.1109/chicc.2016.7554085,Robot visual sliding mode servoing using SIFT features,2016,2016 35th Chinese Control Conference (CCC),https://doi.org/10.1109/chicc.2016.7554085,Addresses visual servoing and foundation policies or a neighboring robotics mechanism.,"Prior work usually predicts, ranks, filters, or imitates observed behavior rather than preserving unrealized branches.",The observed outcome is enough to supervise the model.,"Contact mode support, embodiment limits, and deployment perturbations.","Branch collapse, hidden-mode shift, and tail-risk planning failures.",Generic world models and generic uncertainty are crowded.,Visual servoing foundation model hybrid keeps action-critical alternatives explicit until a physical observation collapses them.
93,doi:10.1109/iros55552.2023.10342377,"Resilient and Distributed Multi-Robot Visual SLAM: Datasets, Experiments, and Lessons Learned",2023,,https://doi.org/10.1109/iros55552.2023.10342377,Addresses visual servoing and foundation policies or a neighboring robotics mechanism.,"Prior work usually predicts, ranks, filters, or imitates observed behavior rather than preserving unrealized branches.",The observed outcome is enough to supervise the model.,"Contact mode support, embodiment limits, and deployment perturbations.","Branch collapse, hidden-mode shift, and tail-risk planning failures.",Generic world models and generic uncertainty are crowded.,Visual servoing foundation model hybrid keeps action-critical alternatives explicit until a physical observation collapses them.
94,doi:10.1139/cgj-2026-0042,Empirical Failure Model for Predicting the Ultimate Bearing Capacity of Hybrid Plate-Monopile Foundation,2026,Canadian Geotechnical Journal,https://doi.org/10.1139/cgj-2026-0042,Addresses visual servoing and foundation policies or a neighboring robotics mechanism.,"Prior work usually predicts, ranks, filters, or imitates observed behavior rather than preserving unrealized branches.",The observed outcome is enough to supervise the model.,"Contact mode support, embodiment limits, and deployment perturbations.","Branch collapse, hidden-mode shift, and tail-risk planning failures.",Generic world models and generic uncertainty are crowded.,Visual servoing foundation model hybrid keeps action-critical alternatives explicit until a physical observation collapses them.
95,doi:10.1142/s2972335325500073,STAR: A Foundation Model-Driven Framework for Robust Task Planning and Failure Recovery in Robotic Systems,2025,International Journal of Artificial Intelligence and Robotics Research,https://doi.org/10.1142/s2972335325500073,Addresses visual servoing and foundation policies or a neighboring robotics mechanism.,"Prior work usually predicts, ranks, filters, or imitates observed behavior rather than preserving unrealized branches.",The observed outcome is enough to supervise the model.,"Contact mode support, embodiment limits, and deployment perturbations.","Branch collapse, hidden-mode shift, and tail-risk planning failures.",Generic world models and generic uncertainty are crowded.,Visual servoing foundation model hybrid keeps action-critical alternatives explicit until a physical observation collapses them.
96,arxiv:2407.08065v1,Towards Interpretable Foundation Models of Robot Behavior: A Task Specific Policy Generation Approach,2024,arXiv,http://arxiv.org/abs/2407.08065v1,Addresses visual servoing and foundation policies or a neighboring robotics mechanism.,"Prior work usually predicts, ranks, filters, or imitates observed behavior rather than preserving unrealized branches.",The observed outcome is enough to supervise the model.,"Contact mode support, embodiment limits, and deployment perturbations.","Branch collapse, hidden-mode shift, and tail-risk planning failures.",Generic world models and generic uncertainty are crowded.,Visual servoing foundation model hybrid keeps action-critical alternatives explicit until a physical observation collapses them.
97,doi:10.3233/ifs-2007-00332,Hybrid Position and Image Based Visual Servoing for mobile robots,2007,Journal of Intelligent & Fuzzy Systems,https://doi.org/10.3233/ifs-2007-00332,Addresses visual servoing and foundation policies or a neighboring robotics mechanism.,"Prior work usually predicts, ranks, filters, or imitates observed behavior rather than preserving unrealized branches.",The observed outcome is enough to supervise the model.,"Contact mode support, embodiment limits, and deployment perturbations.","Branch collapse, hidden-mode shift, and tail-risk planning failures.",Generic world models and generic uncertainty are crowded.,Visual servoing foundation model hybrid keeps action-critical alternatives explicit until a physical observation collapses them.
98,doi:10.1109/tie.2025.3585028,Neurodynamics-Based Visual Servo Predictive Control for Improving Smooth Movement of Logistics Omnidirectional Robots,2025,IEEE Transactions on Industrial Electronics,https://doi.org/10.1109/tie.2025.3585028,Addresses visual servoing and foundation policies or a neighboring robotics mechanism.,"Prior work usually predicts, ranks, filters, or imitates observed behavior rather than preserving unrealized branches.",The observed outcome is enough to supervise the model.,"Contact mode support, embodiment limits, and deployment perturbations.","Branch collapse, hidden-mode shift, and tail-risk planning failures.",Generic world models and generic uncertainty are crowded.,Visual servoing foundation model hybrid keeps action-critical alternatives explicit until a physical observation collapses them.
99,doi:10.1016/j.robot.2014.12.003,Hybrid learning model and MMSVM classification for on-line visual imitation of a human with 3-D motions,2015,Robotics and Autonomous Systems,https://doi.org/10.1016/j.robot.2014.12.003,Addresses visual servoing and foundation policies or a neighboring robotics mechanism.,"Prior work usually predicts, ranks, filters, or imitates observed behavior rather than preserving unrealized branches.",The observed outcome is enough to supervise the model.,"Contact mode support, embodiment limits, and deployment perturbations.","Branch collapse, hidden-mode shift, and tail-risk planning failures.",Generic world models and generic uncertainty are crowded.,Visual servoing foundation model hybrid keeps action-critical alternatives explicit until a physical observation collapses them.
100,doi:10.1109/icrai68431.2025.11396700,Noise-Robustness Analysis of Hybrid Quantum-Classical CNNs for Small-Sample Road Image Classification,2025,2025 International Conference on Robotics and Artificial Intelligence (ICRAI),https://doi.org/10.1109/icrai68431.2025.11396700,Addresses visual servoing and foundation policies or a neighboring robotics mechanism.,"Prior work usually predicts, ranks, filters, or imitates observed behavior rather than preserving unrealized branches.",The observed outcome is enough to supervise the model.,"Contact mode support, embodiment limits, and deployment perturbations.","Branch collapse, hidden-mode shift, and tail-risk planning failures.",Generic world models and generic uncertainty are crowded.,Visual servoing foundation model hybrid keeps action-critical alternatives explicit until a physical observation collapses them.
